model,prompt,reference,prediction,time,timestamp,prompt_length,response_length,is_error,benchmark,subject,question_id
gpt_oss_20b,O que é inteligência artificial e como ela está transformando o mundo? Forneça uma explicação detalhada com exemplos práticos.,"A inteligência artificial (IA) é um campo interdisciplinar da ciência da computação que visa criar sistemas capazes de realizar tarefas que tradicionalmente exigiriam inteligência humana. Estes sistemas utilizam algoritmos de aprendizado de máquina, processamento de linguagem natural e visão computacional para analisar dados, reconhecer padrões e tomar decisões autônomas. A IA está transformando diversos setores: na saúde, auxilia no diagnóstico médico e descoberta de medicamentos; na indústria, otimiza processos de produção e controle de qualidade; no transporte, desenvolve veículos autônomos; e na educação, personaliza o aprendizado. Exemplos práticos incluem assistentes virtuais como Siri e Alexa, sistemas de recomendação da Netflix e Amazon, carros autônomos da Tesla, e ferramentas de tradução automática. A IA também está revolucionando a pesquisa científica, acelerando descobertas em áreas como genética, física e química através da análise de grandes volumes de dados.","## O que é Inteligência Artificial (IA)?

Inteligência Artificial é um ramo da ciência da computação que busca criar sistemas capazes de **realizar tarefas que, até então, exigiam inteligência humana**. Essas tarefas incluem:

- **Raciocínio e tomada de decisão** (",0.507225751876831,2025-11-11T21:11:43.441157,126,265,False,mmlu,abstract_algebra,mmlu_001
gpt_oss_20b,"Explique a diferença entre machine learning e deep learning, incluindo casos de uso específicos para cada abordagem.","Machine learning (ML) é um subconjunto da inteligência artificial que permite aos sistemas aprenderem e melhorarem automaticamente através da experiência, sem serem explicitamente programados para cada tarefa. Utiliza algoritmos estatísticos para identificar padrões em dados e fazer previsões ou decisões. Deep learning, por sua vez, é uma subcategoria do machine learning que emprega redes neurais artificiais com múltiplas camadas (daí o termo 'deep') para processar dados de forma hierárquica. Enquanto o ML tradicional funciona bem com dados estruturados e características pré-definidas, o deep learning pode processar dados não estruturados como imagens, texto e áudio, extraindo características automaticamente. Casos de uso do ML incluem sistemas de recomendação, detecção de fraudes, análise de sentimentos e previsão de demanda. O deep learning é especialmente eficaz em reconhecimento de imagens (como em diagnósticos médicos), processamento de linguagem natural (tradução, chatbots), e sistemas de reconhecimento de voz.",[ERRO]: Resposta vazia do modelo gpt_oss_20b,0.42569756507873535,2025-11-11T21:11:46.878734,116,44,True,mmlu,abstract_algebra,mmlu_002
gpt_oss_20b,Como funcionam os modelos de linguagem como GPT e LLaMA? Descreva a arquitetura e o processo de treinamento.,"Os modelos de linguagem como GPT (Generative Pre-trained Transformer) e LLaMA (Large Language Model Meta AI) são baseados na arquitetura Transformer, introduzida em 2017. Esta arquitetura utiliza mecanismos de atenção para processar sequências de texto, permitindo que o modelo compreenda relações contextuais entre palavras distantes. O processo de treinamento ocorre em duas fases: pré-treinamento e fine-tuning. Na fase de pré-treinamento, o modelo é exposto a vastas quantidades de texto da internet para aprender padrões linguísticos, gramática e conhecimento factual. Na fase de fine-tuning, o modelo é ajustado para tarefas específicas usando datasets menores e mais focados. O GPT utiliza uma abordagem de decodificação autoregressiva, gerando texto token por token, enquanto o LLaMA emprega uma arquitetura similar mas com otimizações específicas. Estes modelos são capazes de gerar texto coerente, responder perguntas, traduzir idiomas e realizar raciocínio complexo, representando um avanço significativo na capacidade de processamento de linguagem natural.",[ERRO]: Resposta vazia do modelo gpt_oss_20b,0.5270202159881592,2025-11-11T21:11:50.414639,108,44,True,mmlu,anatomy,mmlu_003
gpt_oss_20b,Quais são os principais desafios éticos da IA? Discuta implicações sociais e possíveis soluções.,"Os principais desafios éticos da IA incluem múltiplas dimensões que requerem atenção cuidadosa. O viés algorítmico surge quando modelos de IA perpetuam ou amplificam preconceitos presentes nos dados de treinamento, resultando em discriminação contra grupos minoritários em áreas como contratação, empréstimos e justiça criminal. A privacidade de dados representa outro desafio crítico, pois sistemas de IA frequentemente requerem acesso a informações pessoais sensíveis, criando riscos de vazamento ou uso indevido. A automação de empregos gera preocupações sobre desemprego em massa, especialmente em setores que dependem de tarefas repetitivas. A transparência e explicabilidade dos sistemas de IA são essenciais para garantir que decisões automatizadas possam ser compreendidas e contestadas. Questões de responsabilidade legal surgem quando sistemas de IA causam danos, criando incertezas sobre quem deve ser responsabilizado. A segurança cibernética representa outro desafio, pois sistemas de IA podem ser vulneráveis a ataques adversariais. Soluções incluem desenvolvimento de frameworks éticos, regulamentação governamental, auditoria de algoritmos e investimento em educação para preparar a força de trabalho para a era da IA.","## Principais desafios éticos da IA

| Desafio | Por que é ético? | Impacto social |
|---------|------------------|----------------|
| **Viés e discriminação** | Algoritmos aprendem com dados que refletem preconceitos históricos. | Marginalização de grupos minoritários em crédito, emprego, justiça, saúde. |
|",0.47760939598083496,2025-11-11T21:11:53.893331,96,310,False,mmlu,anatomy,mmlu_004
gpt_oss_20b,Descreva o conceito de computação quântica e suas aplicações práticas atuais e futuras.,"A computação quântica representa uma revolução paradigmática na forma como processamos informações, utilizando princípios da mecânica quântica como superposição, emaranhamento e interferência quântica. Diferentemente dos bits clássicos que existem em estados binários (0 ou 1), os qubits quânticos podem existir em superposição, permitindo processamento paralelo massivo. Aplicações práticas atuais incluem simulação molecular para descoberta de medicamentos, otimização de portfólios financeiros, e criptografia quântica para comunicações seguras. No futuro, a computação quântica promete revolucionar áreas como inteligência artificial, modelagem climática, e resolução de problemas de otimização complexos. Empresas como IBM, Google e Microsoft já oferecem acesso a computadores quânticos através de serviços em nuvem. No entanto, desafios significativos permanecem, incluindo a necessidade de temperaturas extremamente baixas, correção de erros quânticos, e escalabilidade. A computação quântica não substituirá completamente a computação clássica, mas complementará em problemas específicos onde sua vantagem quântica seja significativa.","## 1. O que é Computação Quântica?

A computação quântica é um paradigma de processamento de informação que explora os princípios da mecânica quântica—superposição, emaranhamento e interferência—para realizar operações que seriam impraticáveis ou impossíveis em computadores clássicos. Em vez de bits binários (0 ou 1), os dispositivos quânticos usam **qubits** (bits quânticos), que podem existir simultaneamente em múltiplos estados.

### Principais Conceitos

| Conceito |",0.4415550231933594,2025-11-11T21:11:57.350286,87,475,False,hellaswag,,hellaswag_001
gpt_oss_20b,"Explique o impacto das mudanças climáticas na biodiversidade, incluindo exemplos específicos de espécies afetadas.","As mudanças climáticas afetam habitats naturais, causando extinção de espécies, alterações nos padrões migratórios e desequilíbrios nos ecossistemas terrestres e marinhos. Exemplos específicos incluem o declínio dos ursos polares devido ao derretimento do gelo ártico, a extinção de anfíbios como o sapo dourado da Costa Rica, e a migração forçada de aves como o pinguim-imperador. Os recifes de coral estão sofrendo branqueamento em massa devido ao aumento da temperatura dos oceanos, afetando toda a cadeia alimentar marinha. Na terra, espécies como o tigre de Bengala e o elefante africano enfrentam perda de habitat devido a secas prolongadas e mudanças nos padrões de vegetação.",[ERRO]: Resposta vazia do modelo gpt_oss_20b,0.5331220626831055,2025-11-11T21:12:00.886079,114,44,True,hellaswag,,hellaswag_002
gpt_oss_20b,Como funciona a fotossíntese e por que é importante para a vida na Terra? Inclua detalhes sobre o processo químico.,"A fotossíntese é o processo pelo qual plantas convertem luz solar, CO2 e água em oxigênio e glicose, sendo fundamental para a vida na Terra e o ciclo do carbono. O processo ocorre em duas fases: a fase clara (fotodependente) e a fase escura (independente de luz). Na fase clara, a clorofila captura a energia luminosa e a converte em energia química (ATP e NADPH). Na fase escura, o CO2 é fixado e convertido em glicose através do ciclo de Calvin. Este processo é essencial para a produção de oxigênio atmosférico, a remoção de CO2 da atmosfera, e a base da cadeia alimentar terrestre.",[ERRO]: Resposta vazia do modelo gpt_oss_20b,0.4293382167816162,2025-11-11T21:12:04.316545,115,44,True,hellaswag,,hellaswag_003
gpt_oss_20b,"Descreva o processo de evolução das espécies, explicando os mecanismos de seleção natural e adaptação.","A evolução das espécies ocorre através de seleção natural, mutações genéticas e adaptação ao ambiente, resultando na diversidade biológica observada. A seleção natural favorece características que aumentam a sobrevivência e reprodução. Mutações genéticas fornecem a variação necessária para a evolução. A adaptação permite que organismos se ajustem a mudanças ambientais. Exemplos incluem a evolução da resistência a antibióticos em bactérias, a adaptação dos tentilhões de Darwin nas Ilhas Galápagos, e a evolução da visão noturna em animais noturnos.","## Evolução das espécies: um panorama

A evolução é o processo pelo qual as populações de organismos mudam ao longo do tempo em resposta a pressões ambientais, à competição, à disponibilidade de recursos e a inúmeros fatores internos e externos. É o motor que, ao longo de bilhões de anos, transformou a vida simples da Terra em uma biodiversidade incrivelmente complexa.

---

### 1. Fundamentos da evolução

| Conceito | O que é? | Como funciona? |
|----------|----------|----------------|
| **Variabilidade genética** | Diferenças no material genético (DNA/RNA) entre indivíduos | Mutação, recomb",0.6876468658447266,2025-11-11T21:12:08.011624,102,599,False,,,
gpt_oss_20b,Quais são as principais fontes de energia renovável? Compare vantagens e desvantagens de cada uma.,"As principais fontes de energia renovável incluem energia solar (painéis fotovoltaicos e térmicos), energia eólica (turbinas terrestres e offshore), energia hidrelétrica (represas e pequenas centrais), energia de biomassa (resíduos orgânicos e cultivos energéticos), e energia geotérmica (calor do subsolo). Vantagens incluem sustentabilidade, redução de emissões, e independência energética. Desvantagens incluem intermitência (solar/eólica), alto custo inicial, dependência de condições climáticas, e impacto ambiental em alguns casos (hidrelétricas).",[ERRO]: Resposta vazia do modelo gpt_oss_20b,0.4644029140472412,2025-11-11T21:12:11.490884,98,44,True,,,
gpt_oss_20b,Explique o conceito de sustentabilidade corporativa e como as empresas podem implementá-la efetivamente.,"A sustentabilidade corporativa integra práticas ambientais, sociais e de governança (ESG) nas operações empresariais para criar valor a longo prazo. As empresas podem implementá-la através de redução de emissões de carbono, uso eficiente de recursos, programas de diversidade e inclusão, transparência na governança, investimento em comunidades locais, e desenvolvimento de produtos sustentáveis. Exemplos incluem a adoção de energia renovável, programas de reciclagem, políticas de trabalho justo, e relatórios de sustentabilidade transparentes.","## 1. O que é Sustentabilidade Corporativa?

**Sustentabilidade corporativa** (às vezes chamada de *responsabilidade social corporativa* ou *CSR* em inglês) é o conjunto de práticas, políticas e estratégias que uma empresa adota para criar valor, não apenas para os acionistas, mas para todos os seus stakeholders (clientes, funcionários, comunidades, fornecedores, investidores, governos, meio‑ambiente, sociedade).  
É a aplicação prática dos **três pilares da sustentabilidade**:

| Pilar | O que envolve | Por que importa? |
|-------|---------------|-----------------|
| **Ambiental** | Redução de emissões de carbono, uso de energia renovável, gestão de resíduos, conservação de recursos naturais, design eco‑eficiente, economia circular | Minimiza impactos ecológicos, cumpre regulamentos, reduz custos a longo prazo |
| **Social",0.4339776039123535,2025-11-11T21:12:14.925887,104,835,False,,,
gpt_oss_20b,What are the key factors for successful digital transformation? Provide a comprehensive framework with real-world examples.,"Key factors for successful digital transformation include strong leadership commitment, comprehensive employee training, robust technology infrastructure, effective change management processes, and a culture of continuous improvement. Real-world examples include Amazon's customer-centric approach, Netflix's data-driven content strategy, and Microsoft's cloud-first transformation. Success requires aligning technology investments with business objectives, fostering innovation, and ensuring organizational readiness for change.",[ERRO]: Resposta vazia do modelo gpt_oss_20b,0.4281046390533447,2025-11-11T21:12:18.355472,123,44,True,,,
gpt_oss_20b,"Explain the concept of disruptive innovation in business, including historical examples and current trends.","Disruptive innovation creates new markets by offering simpler, more affordable alternatives that eventually displace established products and services. Historical examples include Netflix disrupting Blockbuster, Uber disrupting traditional taxis, and smartphones disrupting feature phones. Current trends include AI disrupting traditional software, electric vehicles disrupting automotive industry, and fintech disrupting traditional banking. The key is identifying underserved markets and creating solutions that are more accessible and cost-effective.","## Disruptive Innovation in Business  
*(A quick guide for managers, entrepreneurs, and students)*  

---

### 1. What is Disruptive Innovation?

| Feature | What it Means | Why It Matters |
|---------|---------------|----------------|
| **New entrant or new technology** | A product, service, or business model that is simpler, cheaper, or more convenient than existing options. | Opens up new markets or re‑defines old ones. |
| **Starts at the “low‑end” or “new‑market”** | Initially serves customers who are underserved or who can’t afford the incumbents’ offerings.",0.4252629280090332,2025-11-11T21:12:21.790201,107,570,False,,,
gpt_oss_20b,How does artificial intelligence impact customer experience? Discuss specific applications and measurable benefits.,"AI enhances customer experience through personalization, predictive analytics, chatbots, and automated customer service, improving satisfaction and loyalty. Specific applications include recommendation engines (Netflix, Amazon), virtual assistants (Siri, Alexa), fraud detection, and automated support systems. Measurable benefits include increased conversion rates, reduced response times, improved customer satisfaction scores, and decreased operational costs. Companies like Spotify use AI for music recommendations, while banks use it for fraud prevention.","## How Artificial Intelligence (AI) Shapes Customer Experience

AI is no longer a “nice‑to‑have” technology—it is a core driver of modern customer experience (CX). By turning data into action, AI enables brands to:

| **CX Dimension** | **AI‑Powered Solution** | **Typical Use‑Case** | **Measurable Benefit** |
|------------------|------------------------|----------------------|------------------------|
| **Personalization** | Recommendation engines, dynamic content | E‑commerce site shows “Customers who bought X also bought Y” | 15‑30 % lift in average order value (AOV) |
| **Speed & Efficiency** | Intelligent chatbots, virtual assistants | 24/7 customer support on website | 70‑80 % of queries handled without human hand‑",0.4506404399871826,2025-11-11T21:12:25.250440,115,729,False,,,
gpt_oss_20b,What are the main challenges of remote work management? Provide strategies and tools for effective remote leadership.,"Main challenges of remote work management include communication barriers, team collaboration difficulties, work-life balance issues, technology infrastructure requirements, and maintaining company culture remotely. Effective strategies include regular virtual meetings, clear communication protocols, project management tools, flexible schedules, and virtual team-building activities. Essential tools include video conferencing platforms (Zoom, Teams), collaboration software (Slack, Microsoft 365), project management tools (Asana, Trello), and time tracking applications.",[ERRO]: Resposta vazia do modelo gpt_oss_20b,0.42048120498657227,2025-11-11T21:12:28.672065,117,44,True,,,
gpt_oss_20b,"Describe the future of e-commerce and online retail, including emerging technologies and consumer behavior trends.","The future of e-commerce includes AI-powered personalization, augmented reality shopping experiences, voice commerce, social commerce integration, and seamless omnichannel experiences. Emerging technologies include virtual try-on, AI chatbots, blockchain for supply chain transparency, and IoT for inventory management. Consumer behavior trends show increasing demand for sustainability, instant gratification, mobile-first experiences, and social proof in purchasing decisions.",[ERRO]: Resposta vazia do modelo gpt_oss_20b,0.4336273670196533,2025-11-11T21:12:32.112012,114,44,True,,,
gpt_oss_20b,"Explain the principles of quantum computing and its potential applications in cryptography, optimization, and simulation.","Quantum computing uses quantum mechanical phenomena like superposition and entanglement to process information in ways that classical computers cannot. Applications in cryptography include quantum key distribution and post-quantum cryptography. In optimization, it can solve complex logistics and financial problems. In simulation, it can model molecular interactions for drug discovery and materials science. Companies like IBM, Google, and Microsoft are developing quantum computers for these applications.","## 1.  The Foundations of Quantum Computing

| Concept | Classical analogue | Quantum twist |
|---------|-------------------|--------------|
| **Qubit** | Bit (0 or 1) | Vector in a two‑dimensional Hilbert space, |ψ⟩ = α|0⟩ + β|1",0.4279940128326416,2025-11-11T21:12:35.545384,121,229,False,,,
gpt_oss_20b,How do neural networks process and learn from data? Describe the mathematical foundations and learning algorithms.,"Neural networks process data through interconnected nodes (neurons) that learn patterns using backpropagation and gradient descent algorithms. The mathematical foundation involves linear algebra, calculus, and probability theory. Learning algorithms include supervised learning (classification, regression), unsupervised learning (clustering, dimensionality reduction), and reinforcement learning (trial and error). The backpropagation algorithm calculates gradients to update network weights, while gradient descent optimizes the loss function to minimize prediction errors.",[ERRO]: Resposta vazia do modelo gpt_oss_20b,0.4411296844482422,2025-11-11T21:12:38.994803,114,44,True,,,
gpt_oss_20b,What are the latest developments in renewable energy technology? Focus on breakthrough innovations and scalability.,"Latest developments in renewable energy technology include advanced solar panels with higher efficiency, offshore wind farms with larger turbines, hydrogen fuel cells for energy storage, and next-generation batteries with improved capacity. Breakthrough innovations include perovskite solar cells, floating wind turbines, green hydrogen production, and solid-state batteries. Scalability challenges include grid integration, storage solutions, and cost reduction to compete with fossil fuels.","**Renewable‑energy breakthroughs of the past 12–18 months (2024‑mid‑2025)**  
*All of these innovations are moving beyond the laboratory into pilot or commercial‑scale deployments, and they’re designed with mass‑production and grid‑integration in mind.*

| Technology | Breakthrough | Scalability‑Relevance | Where It’s Going (2025‑2027) |
|------------|--------------|-----------------------|-----------------------------|
| **Perovsk",0.4237227439880371,2025-11-11T21:12:42.419425,115,435,False,,,
gpt_oss_20b,"Describe the impact of 5G technology on modern communication, including benefits for IoT and smart cities.","5G technology provides faster data transmission, lower latency, and greater connectivity, enabling IoT, autonomous vehicles, and smart city applications. Benefits for IoT include massive device connectivity, real-time data processing, and energy-efficient communication. For smart cities, 5G enables traffic management, environmental monitoring, and public safety systems. The technology supports up to 1 million devices per square kilometer with latency as low as 1 millisecond.","### 5G — The Next‑Generation Connectivity Layer

| Feature | What it Means | Impact on Modern Communication |
|---------|---------------|--------------------------------|
| **Ultra‑high bandwidth (up to 10 Gbps)** | More data per second than 4G | Enables real‑time video streaming, AR/VR, high‑resolution surveillance, and large‑scale data analytics. |
| **Ultra‑low latency (≤ 1 ms)** | Near‑instantaneous response | Critical for autonomous vehicles, remote surgery, industrial automation, and real‑time gaming. |
| **Massive device density (1 million devices/km²)** | Supports",0.4340198040008545,2025-11-11T21:12:45.866302,106,578,False,,,
gpt_oss_20b,How does blockchain technology ensure data security and transparency? Explain consensus mechanisms and use cases.,"Blockchain ensures data security and transparency through cryptographic hashing, distributed ledger technology, and consensus mechanisms that prevent tampering and ensure transparency. Consensus mechanisms include Proof of Work (Bitcoin), Proof of Stake (Ethereum 2.0), and Delegated Proof of Stake. Use cases include cryptocurrency, supply chain tracking, digital identity, smart contracts, and decentralized finance (DeFi). The technology provides immutability, transparency, and decentralization for secure data management.","## 1.  What is a Blockchain?

A **blockchain** is a distributed, append‑only ledger that stores data in a chain of cryptographically linked blocks. Each block contains:

| Component | Purpose |
|-----------|---------|
| **Block Header** | Contains metadata (hash of previous block, timestamp, nonce, etc.) |
| **Merkle Root** | Cryptographic summary of all transactions in the block |
| **Transactions / Data** | The actual payload (e.g., asset transfers, smart‑contract state changes) |
| **Signature / Proof** | Ensures authenticity and integrity |

Because every block references the hash of the previous block, tampering with any block would require recomputing the hash of that block **and all subsequent blocks**. This “hash‑chain” property, combined with cryptographic signatures, is the core of data integrity.

---

## 2.  Security Foundations

| Layer | Mechanism | Why it matters |
|-------|-----------|----------------|
| **Cryptographic",0.4364461898803711,2025-11-11T21:12:49.304175,113,949,False,,,
gpt_oss_20b,"Question: Which of the following is a group?

Choices:
A) The set of all integers under addition
B) The set of all real numbers under multiplication
C) The set of all positive integers under subtraction
D) The set of all rational numbers under division

Answer:",A,"The only option that satisfies all group axioms is:

**A) The set of all integers under addition**

- **Closure:** The sum of any two integers",0.4475123882293701,2025-11-11T21:12:52.755132,261,142,False,,,
gpt_oss_20b,"Question: What is the order of the group Z/6Z?

Choices:
A) 3
B) 6
C) 12
D) 36

Answer:",B,"The group \( \mathbb{Z}/6\mathbb{Z} \) consists of the six residue classes \(\{0,1,2,3,4,5\}\).  
Hence its order is **6**.

**Answer: B) 6**",0.29556798934936523,2025-11-11T21:12:56.058181,87,141,False,,,
gpt_oss_20b,"Question: Which organ is responsible for filtering blood and removing waste products?

Choices:
A) Liver
B) Kidney
C) Heart
D) Lungs

Answer:",B,**Answer: B) Kidney**,0.2636380195617676,2025-11-11T21:12:59.322009,141,21,False,,,
gpt_oss_20b,"Question: What is the largest organ in the human body?

Choices:
A) Brain
B) Liver
C) Skin
D) Lungs

Answer:",C,C) Skin,0.21570181846618652,2025-11-11T21:13:02.539549,108,7,False,,,
gpt_oss_20b,"Context: A man is sitting in a chair reading a book. The book is very interesting and he is completely absorbed in it.

Question: What happens next?

Choices:
A) He continues reading the book
B) He gets up and walks away
C) He falls asleep
D) He throws the book away

Answer:",A,A) He continues reading the book,0.3174903392791748,2025-11-11T21:13:05.865622,275,32,False,,,
gpt_oss_20b,"Context: A woman is cooking dinner in the kitchen. She is preparing pasta and the water is boiling on the stove.

Question: What happens next?

Choices:
A) She adds the pasta to the boiling water
B) She turns off the stove
C) She leaves the kitchen
D) She starts eating

Answer:",A,A,0.2994692325592041,2025-11-11T21:13:09.181120,278,1,False,,,
gpt_oss_20b,"Context: A child is playing with a ball in the backyard. The ball rolls under a bush and the child can't reach it.

Question: What happens next?

Choices:
A) The child tries to get the ball from under the bush
B) The child gives up and goes inside
C) The child starts crying
D) The child finds another toy

Answer:",A,A) The child tries to get the ball from under the bush,0.32459187507629395,2025-11-11T21:13:12.506118,314,54,False,,,
